,antecedents,consequents,antecedent support,consequent support,support,confidence,lift,leverage,conviction
0,"frozenset({'GREEN REGENCY TEACUP AND SAUCER', 'PINK REGENCY TEACUP AND SAUCER'})",frozenset({'ROSES REGENCY TEACUP AND SAUCER'}),0.030910162318530027,0.05126694166175604,0.02641024267423796,0.854419410745234,16.666088965915655,0.024825573185898474,6.516892555490081
1,"frozenset({'PINK REGENCY TEACUP AND SAUCER', 'ROSES REGENCY TEACUP AND SAUCER'})",frozenset({'GREEN REGENCY TEACUP AND SAUCER'}),0.029249477687898432,0.05003482080677131,0.02641024267423796,0.9029304029304029,18.04604050481995,0.02494675029943231,9.786433732820809
2,frozenset({'PINK REGENCY TEACUP AND SAUCER'}),frozenset({'GREEN REGENCY TEACUP AND SAUCER'}),0.037660041784968123,0.05003482080677131,0.030910162318530027,0.8207681365576103,16.403938763512752,0.029025848876243626,5.300202547403491
3,"frozenset({'JUMBO BAG PINK POLKADOT', 'JUMBO STORAGE BAG SUKI'})",frozenset({'JUMBO BAG RED RETROSPOT'}),0.027053088337708257,0.10381957465045268,0.021696041142122462,0.8019801980198019,7.724749409925511,0.01888740101792047,4.525711148015213
